Zona;Total Temuan;Avg Risk Score;Unsafe Rate (%);High Risk Count;Risk Level
UNKNOWN;69;1.7536231884057971;46.3768115942029;11;MEDIUM
COAL_HANDLING;580;1.4758620689655173;21.72413793103448;51;LOW
MAIN_UNIT;2616;1.3654434250764527;14.717125382262996;147;LOW
SUPPORT;1708;1.1633489461358313;32.49414519906323;137;LOW
UTILITY;602;0.9169435215946844;23.089700996677742;29;LOW
