Risk Severity;Total;SLA Met;Avg Resolution;SLA Compliance (%);Target
LOW;3954;512;140.54323469903895;12.9;14
MEDIUM;1215;4;261.8045679012346;0.3;5
HIGH;255;0;267.70287581699347;0.0;2
CRITICAL;107;0;268.61028037383176;0.0;1
