Zona;Total;Avg Days;Median Days;Std Dev;SLA Compliance (%)
UNKNOWN;67;250.481592039801;239.81666666666663;160.32247409450713;0.0
SUPPORT;1688;202.02016192733018;154.125;161.08244680699272;7.109004739336493
COAL_HANDLING;571;178.6753064798599;142.28333333333333;149.82838001322182;8.056042031523642
UTILITY;599;163.47543127434614;73.2;166.46566269877675;11.853088480801336
MAIN_UNIT;2606;158.50665771297005;112.25833333333334;147.27501524239258;10.706062931696087
