Issue Category;Total;Avg Days;Median Days;SLA Compliance (%)
ELECTRICAL;417;300.2715027977618;336.98333333333335;0.9592326139088728
STRUCTURAL;659;297.1334344967122;337.98333333333335;0.30349013657056145
OTHER;768;226.36065538194444;215.03333333333336;4.296875
MACHINE;112;193.02544642857143;146.40833333333333;6.25
PATROL_ROUTINE;1487;146.86161174624525;100.5;11.499663752521856
HOUSEKEEPING;613;126.63488308863514;63.0;15.334420880913541
FIRE_SAFETY;1243;104.4869670152856;68.3;14.722445695897024
PPE_APD;187;86.82816399286988;59.88333333333333;11.229946524064172
