Is Weekend;Total;Avg Quality;Detection Rate (%);Avg Risk;Avg Resolution;Type;Avg per Day
False;4549;2.2668718399648276;23.56561881732249;1.2873158936029896;179.77752178407914;Weekday;909.8
True;1026;2.084795321637427;16.08187134502924;1.2007797270955165;156.55710543549444;Weekend;513.0
