Shift;Total Reports;Avg Quality Score;Unsafe Detection (%);Avg Risk Score;Avg Resolution Days
A (Pagi);3537;2.3078880407124682;24.05993780039582;1.2736782584110828;181.25996578272026
B (Siang);1603;2.0168434185901436;17.092950717404864;1.221459762944479;155.73247433479992
C (Malam);435;2.425287356321839;25.74712643678161;1.4367816091954022;201.47880184331797
